Data,CDS
01.10.2025,"135,13"
30.09.2025,"135,81"
29.09.2025,"136,14"
26.09.2025,"137,8"
25.09.2025,"137,17"
24.09.2025,"134,67"
23.09.2025,"134,82"
22.09.2025,"136,82"
19.09.2025,"126,22"
18.09.2025,"125,89"
17.09.2025,"126,39"
16.09.2025,"128,36"
15.09.2025,"130,02"
12.09.2025,"132,52"
11.09.2025,"129,19"
10.09.2025,"133,67"
09.09.2025,"137,83"
08.09.2025,"136,81"
05.09.2025,"136,64"
04.09.2025,"136,81"
03.09.2025,"137,97"
02.09.2025,"139,48"
01.09.2025,"136,66"
29.08.2025,"136,82"
28.08.2025,"135,47"
27.08.2025,"138,91"
26.08.2025,"139,88"
25.08.2025,"138,95"
22.08.2025,"138,33"
21.08.2025,"141,43"
20.08.2025,"141,84"
19.08.2025,"138,89"
18.08.2025,"137,95"
15.08.2025,"136,45"
14.08.2025,"136,48"
13.08.2025,"133,94"
12.08.2025,"136,92"
11.08.2025,"138,41"
08.08.2025,"141,41"
07.08.2025,"144,83"
06.08.2025,"149,26"
05.08.2025,"150,75"
04.08.2025,"149,26"
01.08.2025,"151,97"
31.07.2025,"147,75"
30.07.2025,"150,26"
29.07.2025,"149,21"
28.07.2025,"147,26"
25.07.2025,"147,28"
24.07.2025,"144,83"
23.07.2025,"147,32"
22.07.2025,"147,23"
21.07.2025,"145,76"
18.07.2025,"145,75"
17.07.2025,"147,78"
16.07.2025,"150,15"
15.07.2025,"147,82"
14.07.2025,"147,76"
11.07.2025,"147,78"
10.07.2025,"147,76"
09.07.2025,"141,3"
08.07.2025,"144,81"
07.07.2025,"143,81"
04.07.2025,"139,37"
03.07.2025,"139,43"
02.07.2025,"144,79"
01.07.2025,"145,31"
30.06.2025,"147,7"
27.06.2025,"151,19"
26.06.2025,"152,09"
25.06.2025,"150,7"
24.06.2025,"149,69"
23.06.2025,"155,49"
20.06.2025,"156,55"
19.06.2025,"158,04"
18.06.2025,"156,08"
17.06.2025,"151,6"
16.06.2025,"151,2"
13.06.2025,"152,18"
12.06.2025,"149,62"
11.06.2025,"151,06"
10.06.2025,"154,58"
09.06.2025,"155,51"
06.06.2025,"157,24"
05.06.2025,"160,06"
04.06.2025,"156,44"
03.06.2025,"155,1"
02.06.2025,"157,1"
30.05.2025,"160,44"
29.05.2025,"161,39"
28.05.2025,"163,03"
27.05.2025,"162,94"
26.05.2025,"168,86"
23.05.2025,"168,78"
22.05.2025,"167,82"
21.05.2025,"164,99"
20.05.2025,"161,49"
19.05.2025,"165,37"
16.05.2025,"164,93"
15.05.2025,"164,77"
14.05.2025,"162,5"
13.05.2025,"161,97"
12.05.2025,"163,1"
09.05.2025,"177,07"
08.05.2025,"177,84"
07.05.2025,"177,63"
06.05.2025,"179,98"
05.05.2025,"179,57"
02.05.2025,"179,77"
01.05.2025,"182,1"
30.04.2025,"181,91"
29.04.2025,"180,45"
28.04.2025,"182,46"
25.04.2025,"182,49"
24.04.2025,"184,83"
23.04.2025,"191,31"
22.04.2025,"198,19"
21.04.2025,"194,03"
18.04.2025,"194,16"
17.04.2025,"194,17"
16.04.2025,"198,93"
15.04.2025,"191,18"
14.04.2025,"192,94"
11.04.2025,"198,35"
10.04.2025,"197,98"
09.04.2025,"185,9"
08.04.2025,"210,58"
07.04.2025,"200,24"
04.04.2025,"199,72"
03.04.2025,"188,78"
02.04.2025,"184,04"
01.04.2025,"182,86"
31.03.2025,"188,36"
28.03.2025,"185,17"
27.03.2025,"180,98"
26.03.2025,"181,99"
25.03.2025,"179,45"
24.03.2025,"182,63"
21.03.2025,"190,23"
20.03.2025,"189,73"
19.03.2025,"167,39"
18.03.2025,"170,39"
17.03.2025,"174,88"
14.03.2025,"173,96"
13.03.2025,"178,2"
12.03.2025,"174,93"
11.03.2025,"178,33"
10.03.2025,"178,08"
07.03.2025,"173,79"
06.03.2025,"173,83"
05.03.2025,"178,77"
04.03.2025,"184,09"
03.03.2025,"178,14"
28.02.2025,"176,29"
27.02.2025,"170,84"
26.02.2025,"170,75"
25.02.2025,"170,37"
24.02.2025,"168,29"
21.02.2025,"164,47"
20.02.2025,"164,46"
19.02.2025,"163,57"
18.02.2025,"165,93"
17.02.2025,"165,83"
14.02.2025,"167,79"
13.02.2025,"168,05"
12.02.2025,"171,85"
11.02.2025,"171,8"
10.02.2025,"170,93"
07.02.2025,"172,82"
06.02.2025,"172,67"
05.02.2025,"171,26"
04.02.2025,"177,28"
03.02.2025,"174,78"
31.01.2025,"177,15"
30.01.2025,"177,29"
29.01.2025,"178,71"
28.01.2025,"179,51"
27.01.2025,"173,72"
24.01.2025,"172,8"
23.01.2025,"175,29"
22.01.2025,"181,57"
21.01.2025,"180,59"
20.01.2025,186
17.01.2025,"187,34"
16.01.2025,"186,2"
15.01.2025,"192,29"
14.01.2025,"194,32"
13.01.2025,"197,49"
10.01.2025,"188,88"
09.01.2025,"192,75"
08.01.2025,"188,48"
07.01.2025,"192,35"
06.01.2025,"199,17"
03.01.2025,"208,95"
02.01.2025,"214,38"
01.01.2025,"214,31"
31.12.2024,"214,17"
30.12.2024,"205,02"
27.12.2024,"198,24"
26.12.2024,"198,24"
25.12.2024,"198,3"
24.12.2024,"198,35"
23.12.2024,"200,14"
20.12.2024,"208,05"
19.12.2024,"218,14"
18.12.2024,"187,02"
17.12.2024,"180,65"
16.12.2024,"172,43"
13.12.2024,"166,5"
12.12.2024,"163,04"
11.12.2024,"168,94"
10.12.2024,"172,87"
09.12.2024,"166,38"
06.12.2024,"164,48"
05.12.2024,"167,82"
04.12.2024,"170,86"
03.12.2024,"168,91"
02.12.2024,"161,46"
29.11.2024,"161,52"
28.11.2024,"157,98"
27.11.2024,"154,19"
26.11.2024,"153,02"
25.11.2024,"155,14"
22.11.2024,"154,17"
21.11.2024,"156,14"
20.11.2024,"158,03"
19.11.2024,"163,32"
18.11.2024,"166,33"
15.11.2024,"161,49"
14.11.2024,"159,45"
13.11.2024,"160,64"
12.11.2024,"153,49"
11.11.2024,"153,47"
08.11.2024,"153,44"
07.11.2024,"155,08"
06.11.2024,"165,03"
05.11.2024,"164,91"
04.11.2024,"160,9"
01.11.2024,"157,57"
31.10.2024,"154,19"
30.10.2024,"153,58"
29.10.2024,"157,09"
28.10.2024,"157,09"
25.10.2024,"157,02"
24.10.2024,"159,07"
23.10.2024,"156,09"
22.10.2024,"154,25"
21.10.2024,"150,15"
18.10.2024,"151,22"
17.10.2024,"154,09"
16.10.2024,"153,1"
15.10.2024,"155,1"
14.10.2024,"151,12"
11.10.2024,"151,12"
10.10.2024,"149,23"
09.10.2024,"150,41"
08.10.2024,"146,3"
07.10.2024,"143,49"
04.10.2024,"151,09"
03.10.2024,"151,09"
02.10.2024,"151,09"
01.10.2024,"153,03"
30.09.2024,"153,03"
27.09.2024,"153,16"
26.09.2024,"158,06"
25.09.2024,"155,01"
24.09.2024,"155,06"
23.09.2024,"155,06"
20.09.2024,"136,45"
19.09.2024,"147,36"
18.09.2024,"147,36"
17.09.2024,"151,22"
16.09.2024,"152,18"
13.09.2024,"152,23"
12.09.2024,"154,25"
11.09.2024,"157,07"
10.09.2024,"154,2"
09.09.2024,"156,07"
06.09.2024,"154,18"
05.09.2024,"154,06"
04.09.2024,"158,07"
03.09.2024,"149,28"
02.09.2024,"149,31"
30.08.2024,"144,87"
29.08.2024,"143,87"
28.08.2024,"141,89"
27.08.2024,"142,9"
26.08.2024,"145,24"
23.08.2024,"145,24"
22.08.2024,"146,26"
21.08.2024,"147,19"
20.08.2024,"145,3"
19.08.2024,"151,15"
16.08.2024,"150,34"
15.08.2024,"156,13"
14.08.2024,"160,92"
13.08.2024,"164,89"
12.08.2024,"163,96"
09.08.2024,"165,03"
08.08.2024,"170,9"
07.08.2024,"175,96"
06.08.2024,"176,81"
05.08.2024,"170,45"
02.08.2024,"162,89"
01.08.2024,"158,01"
31.07.2024,"156,16"
30.07.2024,"156,16"
29.07.2024,"155,11"
26.07.2024,"158,12"
25.07.2024,"159,08"
24.07.2024,"153,17"
23.07.2024,"153,22"
22.07.2024,"157,2"
19.07.2024,"152,22"
18.07.2024,"152,22"
17.07.2024,"148,24"
16.07.2024,"148,28"
15.07.2024,"145,28"
12.07.2024,"148,12"
11.07.2024,"147,29"
10.07.2024,"153,2"
09.07.2024,"153,21"
08.07.2024,156
05.07.2024,"162,03"
04.07.2024,"161,94"
03.07.2024,"168,84"
02.07.2024,"169,03"
01.07.2024,"169,97"
28.06.2024,"166,94"
27.06.2024,"164,14"
26.06.2024,"160,11"
25.06.2024,"161,07"
24.06.2024,"165,01"
21.06.2024,"162,1"
20.06.2024,"158,15"
19.06.2024,"158,04"
18.06.2024,"159,23"
17.06.2024,"158,11"
14.06.2024,"152,98"
13.06.2024,"200,49"
12.06.2024,"149,25"
11.06.2024,"146,37"
10.06.2024,"146,53"
07.06.2024,"144,37"
06.06.2024,"143,35"
05.06.2024,"144,8"
04.06.2024,"141,83"
03.06.2024,"143,35"
31.05.2024,"197,94"
30.05.2024,"197,96"
29.05.2024,"146,4"
28.05.2024,"146,34"
27.05.2024,"146,34"
24.05.2024,"148,38"
23.05.2024,"144,41"
22.05.2024,"140,4"
21.05.2024,"140,45"
20.05.2024,"139,47"
17.05.2024,"140,48"
16.05.2024,"141,29"
15.05.2024,"99,37"
14.05.2024,"138,93"
13.05.2024,"139,47"
10.05.2024,"138,42"
09.05.2024,"138,47"
08.05.2024,"135,48"
07.05.2024,"135,48"
06.05.2024,"137,36"
03.05.2024,"142,28"
02.05.2024,"144,23"
01.05.2024,"149,32"
30.04.2024,"146,24"
29.04.2024,"150,21"
26.04.2024,"154,24"
25.04.2024,"151,24"
24.04.2024,"152,14"
23.04.2024,"157,09"
22.04.2024,"162,02"
19.04.2024,"163,1"
18.04.2024,"161,94"
17.04.2024,"162,11"
16.04.2024,"159,15"
15.04.2024,"153,11"
12.04.2024,"148,26"
11.04.2024,"146,58"
10.04.2024,"142,3"
09.04.2024,"144,38"
08.04.2024,"147,4"
05.04.2024,"148,26"
04.04.2024,"145,31"
03.04.2024,"143,36"
02.04.2024,"140,51"
01.04.2024,"138,42"
29.03.2024,"138,47"
28.03.2024,"135,45"
27.03.2024,"133,48"
26.03.2024,"133,54"
25.03.2024,"135,42"
22.03.2024,"131,53"
21.03.2024,"135,41"
20.03.2024,"124,67"
19.03.2024,"124,7"
18.03.2024,"124,71"
15.03.2024,"123,75"
14.03.2024,"120,76"
13.03.2024,"124,72"
12.03.2024,"128,65"
11.03.2024,"129,6"
08.03.2024,"127,61"
07.03.2024,"128,63"
06.03.2024,"127,6"
05.03.2024,"124,71"
04.03.2024,"124,63"
01.03.2024,"124,66"
29.02.2024,"126,63"
28.02.2024,"126,66"
27.02.2024,"123,7"
26.02.2024,"122,68"
23.02.2024,"125,68"
22.02.2024,"132,58"
21.02.2024,"133,51"
20.02.2024,"130,57"
19.02.2024,"130,6"
16.02.2024,"131,53"
15.02.2024,"132,46"
14.02.2024,"135,63"
13.02.2024,"134,46"
12.02.2024,"135,49"
09.02.2024,"135,49"
08.02.2024,"133,51"
07.02.2024,"135,39"
06.02.2024,"137,53"
05.02.2024,"135,62"
02.02.2024,"135,41"
01.02.2024,"139,3"
31.01.2024,"136,49"
30.01.2024,"136,39"
29.01.2024,"137,46"
26.01.2024,"139,32"
25.01.2024,"140,41"
24.01.2024,"140,39"
23.01.2024,"135,43"
22.01.2024,"131,55"
19.01.2024,"132,51"
18.01.2024,"132,59"
17.01.2024,"130,58"
16.01.2024,"128,56"
15.01.2024,"128,48"
12.01.2024,"131,4"
11.01.2024,"132,46"
10.01.2024,"137,38"
09.01.2024,"139,33"
08.01.2024,"141,34"
05.01.2024,"142,37"
04.01.2024,"143,28"
03.01.2024,"139,43"
02.01.2024,"131,47"
01.01.2024,"131,47"
29.12.2023,"132,49"
28.12.2023,"132,4"
27.12.2023,"132,46"
26.12.2023,"132,45"
25.12.2023,"132,45"
22.12.2023,"134,41"
21.12.2023,"135,35"
20.12.2023,"135,39"
19.12.2023,"136,4"
18.12.2023,"137,41"
15.12.2023,"136,32"
14.12.2023,"140,06"
13.12.2023,"145,2"
12.12.2023,"145,21"
11.12.2023,"147,31"
08.12.2023,"148,14"
07.12.2023,"149,13"
06.12.2023,"146,12"
05.12.2023,"142,32"
04.12.2023,"153,55"
01.12.2023,"146,24"
30.11.2023,"142,17"
29.11.2023,"145,08"
28.11.2023,"146,11"
27.11.2023,"147,21"
24.11.2023,"147,19"
23.11.2023,"147,18"
22.11.2023,"146,12"
21.11.2023,"147,12"
20.11.2023,"152,04"
17.11.2023,"154,82"
16.11.2023,"157,05"
15.11.2023,"158,54"
14.11.2023,"165,71"
13.11.2023,"163,76"
10.11.2023,"166,87"
09.11.2023,"163,75"
08.11.2023,"165,64"
07.11.2023,"166,8"
06.11.2023,"160,56"
03.11.2023,"165,65"
02.11.2023,"174,18"
01.11.2023,"182,29"
31.10.2023,"183,28"
30.10.2023,"186,08"
27.10.2023,"185,93"
26.10.2023,"186,28"
25.10.2023,"184,22"
24.10.2023,"188,01"
23.10.2023,"190,82"
20.10.2023,"189,03"
19.10.2023,"185,23"
18.10.2023,"181,48"
17.10.2023,"179,36"
16.10.2023,"183,11"
13.10.2023,"180,41"
12.10.2023,"178,27"
11.10.2023,"180,92"
10.10.2023,"189,64"
09.10.2023,"190,1"
06.10.2023,"193,77"
05.10.2023,"194,64"
04.10.2023,"199,88"
03.10.2023,"190,24"
02.10.2023,"186,07"
29.09.2023,185
28.09.2023,"189,21"
27.09.2023,"185,15"
26.09.2023,"182,3"
25.09.2023,"180,2"
22.09.2023,"183,28"
21.09.2023,"180,37"
20.09.2023,"179,98"
19.09.2023,"163,82"
18.09.2023,"165,82"
15.09.2023,"165,82"
14.09.2023,"168,68"
13.09.2023,"171,71"
12.09.2023,"169,7"
11.09.2023,"168,75"
08.09.2023,"170,57"
07.09.2023,"171,77"
06.09.2023,"167,85"
05.09.2023,"164,81"
04.09.2023,"164,81"
01.09.2023,"167,67"
31.08.2023,"162,81"
30.08.2023,"163,62"
29.08.2023,"166,69"
28.08.2023,"173,67"
25.08.2023,"178,6"
24.08.2023,"176,37"
23.08.2023,"185,42"
22.08.2023,"188,45"
21.08.2023,"188,24"
18.08.2023,"186,29"
17.08.2023,"180,51"
16.08.2023,"180,46"
15.08.2023,"175,61"
14.08.2023,"170,72"
11.08.2023,"170,64"
10.08.2023,"173,55"
09.08.2023,"172,46"
08.08.2023,"171,54"
07.08.2023,"172,32"
04.08.2023,"174,57"
03.08.2023,"172,48"
02.08.2023,"165,75"
01.08.2023,"163,69"
31.07.2023,"162,65"
28.07.2023,"162,85"
27.07.2023,"164,56"
26.07.2023,"169,51"
25.07.2023,"170,53"
24.07.2023,"172,41"
21.07.2023,"175,5"
20.07.2023,"173,34"
19.07.2023,"175,32"
18.07.2023,"176,25"
17.07.2023,"177,48"
14.07.2023,"172,11"
13.07.2023,"175,97"
12.07.2023,"181,14"
11.07.2023,"180,95"
10.07.2023,"180,11"
07.07.2023,"181,3"
06.07.2023,"176,78"
05.07.2023,"174,22"
04.07.2023,"174,39"
03.07.2023,"173,35"
30.06.2023,"179,92"
29.06.2023,"178,09"
28.06.2023,"177,36"
27.06.2023,"178,12"
26.06.2023,"176,63"
23.06.2023,"174,41"
22.06.2023,"177,19"
21.06.2023,"180,03"
20.06.2023,"182,12"
19.06.2023,"182,19"
16.06.2023,"182,84"
15.06.2023,"186,99"
14.06.2023,"188,12"
13.06.2023,"190,71"
12.06.2023,"192,9"
09.06.2023,"194,54"
08.06.2023,"195,73"
07.06.2023,"196,58"
06.06.2023,"199,4"
05.06.2023,"201,82"
02.06.2023,"205,18"
01.06.2023,"209,05"
31.05.2023,"206,96"
30.05.2023,"207,24"
29.05.2023,"207,39"
26.05.2023,"211,42"
25.05.2023,"213,13"
24.05.2023,"213,02"
23.05.2023,"214,13"
22.05.2023,"215,15"
19.05.2023,"218,45"
18.05.2023,"237,45"
17.05.2023,"221,91"
16.05.2023,"221,95"
15.05.2023,"221,99"
12.05.2023,"222,02"
11.05.2023,"222,06"
10.05.2023,"225,47"
09.05.2023,"222,01"
08.05.2023,"221,17"
05.05.2023,"225,55"
04.05.2023,"219,48"
03.05.2023,"217,34"
02.05.2023,"213,38"
01.05.2023,"216,74"
28.04.2023,"224,79"
27.04.2023,"227,76"
26.04.2023,"226,93"
25.04.2023,"225,45"
24.04.2023,"226,72"
21.04.2023,"226,31"
20.04.2023,"221,97"
19.04.2023,"216,94"
18.04.2023,"214,32"
17.04.2023,"214,35"
14.04.2023,"215,06"
13.04.2023,"224,82"
12.04.2023,"224,8"
11.04.2023,"230,65"
10.04.2023,"230,97"
07.04.2023,"230,56"
06.04.2023,"227,45"
05.04.2023,"223,26"
04.04.2023,"220,62"
03.04.2023,"221,56"
31.03.2023,"228,5"
30.03.2023,"233,46"
29.03.2023,"237,4"
28.03.2023,"237,91"
27.03.2023,"244,86"
24.03.2023,"247,38"
23.03.2023,"243,19"
22.03.2023,"246,76"
21.03.2023,"259,1"
20.03.2023,"279,65"
17.03.2023,"238,77"
16.03.2023,"243,07"
15.03.2023,"234,38"
14.03.2023,"224,53"
13.03.2023,"224,5"
10.03.2023,"219,13"
09.03.2023,"215,71"
08.03.2023,"214,88"
07.03.2023,"207,82"
06.03.2023,"214,46"
03.03.2023,"223,49"
02.03.2023,"225,61"
01.03.2023,"229,3"
28.02.2023,"229,17"
27.02.2023,"232,54"
24.02.2023,"229,15"
23.02.2023,"235,1"
22.02.2023,"237,45"
21.02.2023,"228,14"
20.02.2023,"228,1"
17.02.2023,"222,38"
16.02.2023,"219,44"
15.02.2023,"222,68"
14.02.2023,"227,2"
13.02.2023,"232,21"
10.02.2023,"231,26"
09.02.2023,"228,06"
08.02.2023,"223,3"
07.02.2023,"227,67"
06.02.2023,"220,84"
03.02.2023,"214,48"
02.02.2023,"220,06"
01.02.2023,"226,89"
31.01.2023,"232,09"
30.01.2023,"228,08"
27.01.2023,"234,07"
26.01.2023,"238,66"
25.01.2023,"236,65"
24.01.2023,"240,87"
23.01.2023,"242,84"
20.01.2023,"242,75"
19.01.2023,"235,4"
18.01.2023,"238,65"
17.01.2023,"238,71"
16.01.2023,"238,89"
13.01.2023,"240,32"
12.01.2023,"243,39"
11.01.2023,"247,6"
10.01.2023,"247,31"
09.01.2023,"244,78"
06.01.2023,"258,45"
05.01.2023,"254,98"
04.01.2023,"253,9"
03.01.2023,"250,25"
02.01.2023,"250,46"
30.12.2022,"250,26"
29.12.2022,"251,35"
28.12.2022,"251,49"
27.12.2022,"252,2"
26.12.2022,"252,43"
23.12.2022,"251,41"
22.12.2022,"250,23"
21.12.2022,"257,33"
20.12.2022,"258,38"
19.12.2022,"254,14"
16.12.2022,"248,4"
15.12.2022,"243,3"
14.12.2022,"241,03"
13.12.2022,"244,56"
12.12.2022,"236,8"
09.12.2022,"239,82"
08.12.2022,"242,18"
07.12.2022,"245,26"
06.12.2022,243
05.12.2022,"231,74"
02.12.2022,"237,18"
01.12.2022,"252,93"
30.11.2022,"253,23"
29.11.2022,"261,73"
28.11.2022,"256,92"
25.11.2022,"256,78"
24.11.2022,"256,81"
23.11.2022,"261,15"
22.11.2022,"260,95"
21.11.2022,268
18.11.2022,"263,19"
17.11.2022,"260,68"
16.11.2022,"254,3"
15.11.2022,"254,05"
14.11.2022,"265,69"
11.11.2022,"264,41"
10.11.2022,"262,37"
09.11.2022,"256,9"
08.11.2022,"256,62"
07.11.2022,"256,62"
04.11.2022,"266,91"
03.11.2022,"268,75"
02.11.2022,"273,21"
01.11.2022,"272,61"
31.10.2022,"272,8"
28.10.2022,"279,51"
27.10.2022,"280,77"
26.10.2022,"276,77"
25.10.2022,"280,08"
24.10.2022,"284,24"
21.10.2022,"292,16"
20.10.2022,"295,23"
19.10.2022,"292,49"
18.10.2022,"301,14"
17.10.2022,"307,39"
14.10.2022,"300,1"
13.10.2022,"297,25"
12.10.2022,"294,61"
11.10.2022,"294,85"
10.10.2022,"294,93"
07.10.2022,"285,27"
06.10.2022,"284,26"
05.10.2022,"277,75"
04.10.2022,"282,23"
03.10.2022,"307,49"
30.09.2022,"306,56"
29.09.2022,"292,49"
28.09.2022,"308,84"
27.09.2022,"295,38"
26.09.2022,"278,57"
23.09.2022,"264,31"
22.09.2022,"261,06"
21.09.2022,"261,07"
20.09.2022,"236,32"
19.09.2022,"242,17"
16.09.2022,"242,17"
15.09.2022,"240,17"
14.09.2022,"232,27"
13.09.2022,"256,67"
12.09.2022,"232,27"
09.09.2022,"257,07"
08.09.2022,"256,67"
07.09.2022,"257,67"
06.09.2022,"257,07"
05.09.2022,"256,67"
02.09.2022,"256,67"
01.09.2022,"259,54"
31.08.2022,"257,55"
30.08.2022,"257,67"
29.08.2022,"256,57"
26.08.2022,"249,48"
25.08.2022,"251,73"
24.08.2022,"256,45"
23.08.2022,"271,52"
22.08.2022,"261,56"
19.08.2022,"251,43"
18.08.2022,"250,93"
17.08.2022,"245,87"
16.08.2022,"241,6"
15.08.2022,"238,83"
12.08.2022,"248,75"
11.08.2022,"247,48"
10.08.2022,"264,33"
09.08.2022,"259,02"
08.08.2022,"270,81"
05.08.2022,"268,77"
04.08.2022,"273,8"
03.08.2022,"281,51"
02.08.2022,"271,78"
01.08.2022,"269,87"
29.07.2022,"275,16"
28.07.2022,"280,26"
27.07.2022,"295,32"
26.07.2022,"287,54"
25.07.2022,"293,48"
22.07.2022,"291,4"
21.07.2022,"295,23"
20.07.2022,"309,25"
19.07.2022,"322,72"
18.07.2022,"320,31"
15.07.2022,"324,6"
14.07.2022,"314,97"
13.07.2022,"306,75"
12.07.2022,"295,93"
11.07.2022,"286,91"
08.07.2022,"286,79"
07.07.2022,"300,9"
06.07.2022,"297,88"
05.07.2022,"288,31"
04.07.2022,"290,31"
01.07.2022,"290,81"
30.06.2022,"292,02"
29.06.2022,"297,22"
28.06.2022,"281,34"
27.06.2022,"281,74"
24.06.2022,"289,06"
23.06.2022,"284,79"
22.06.2022,"276,63"
21.06.2022,"261,49"
20.06.2022,"261,19"
17.06.2022,"260,89"
16.06.2022,"261,29"
15.06.2022,"274,22"
14.06.2022,"270,18"
13.06.2022,"255,26"
10.06.2022,"248,73"
09.06.2022,"241,88"
08.06.2022,"236,76"
07.06.2022,"235,24"
06.06.2022,"229,19"
03.06.2022,"225,17"
02.06.2022,"222,55"
01.06.2022,"222,37"
31.05.2022,"220,51"
30.05.2022,"220,28"
27.05.2022,"222,22"
26.05.2022,"227,08"
25.05.2022,"238,49"
24.05.2022,"239,12"
23.05.2022,"246,59"
20.05.2022,"245,55"
19.05.2022,"244,6"
18.05.2022,"236,45"
17.05.2022,"239,68"
16.05.2022,"238,05"
13.05.2022,"242,39"
12.05.2022,"241,79"
11.05.2022,"241,79"
10.05.2022,"244,26"
09.05.2022,"234,2"
06.05.2022,"221,04"
05.05.2022,"221,04"
04.05.2022,"228,25"
03.05.2022,"232,24"
02.05.2022,"229,56"
29.04.2022,"219,08"
28.04.2022,"222,62"
27.04.2022,"225,88"
26.04.2022,"219,19"
25.04.2022,"220,38"
22.04.2022,"213,86"
21.04.2022,"208,6"
20.04.2022,"212,01"
19.04.2022,"217,11"
18.04.2022,"216,49"
15.04.2022,"216,74"
14.04.2022,"214,47"
13.04.2022,"217,17"
12.04.2022,"218,48"
11.04.2022,"212,81"
08.04.2022,"209,63"
07.04.2022,"206,65"
06.04.2022,"204,13"
05.04.2022,"200,76"
04.04.2022,"204,3"
01.04.2022,"205,95"
31.03.2022,"203,83"
30.03.2022,"201,03"
29.03.2022,"207,96"
28.03.2022,"211,25"
25.03.2022,"213,89"
24.03.2022,"218,31"
23.03.2022,"214,81"
22.03.2022,"218,07"
21.03.2022,"201,5"
18.03.2022,"201,49"
17.03.2022,"206,59"
16.03.2022,"218,46"
15.03.2022,"222,37"
14.03.2022,"223,05"
11.03.2022,"216,24"
10.03.2022,"216,28"
09.03.2022,"225,06"
08.03.2022,"230,89"
07.03.2022,"224,74"
04.03.2022,"218,08"
03.03.2022,"221,58"
02.03.2022,"224,39"
01.03.2022,"220,63"
28.02.2022,"218,17"
25.02.2022,"223,94"
24.02.2022,"228,09"
23.02.2022,"224,19"
22.02.2022,"224,92"
21.02.2022,"224,87"
18.02.2022,"221,91"
17.02.2022,"217,99"
16.02.2022,"222,06"
15.02.2022,"227,19"
14.02.2022,"228,49"
11.02.2022,"221,61"
10.02.2022,"214,3"
09.02.2022,"219,27"
08.02.2022,"220,11"
07.02.2022,"220,48"
04.02.2022,"217,37"
03.02.2022,"212,23"
02.02.2022,"215,2"
01.02.2022,224
31.01.2022,"226,81"
28.01.2022,"226,01"
27.01.2022,"223,35"
26.01.2022,"222,06"
25.01.2022,"220,93"
24.01.2022,"217,96"
21.01.2022,"224,21"
20.01.2022,"220,24"
19.01.2022,"224,21"
18.01.2022,"220,25"
17.01.2022,"220,24"
14.01.2022,217
13.01.2022,"208,31"
12.01.2022,"208,27"
11.01.2022,"211,35"
10.01.2022,"210,34"
07.01.2022,"209,45"
06.01.2022,"209,47"
05.01.2022,"202,46"
04.01.2022,"199,75"
03.01.2022,"201,5"
31.12.2021,"201,86"
30.12.2021,"203,99"
29.12.2021,"204,28"
28.12.2021,"205,15"
27.12.2021,"205,91"
24.12.2021,"208,73"
23.12.2021,"209,06"
22.12.2021,"215,4"
21.12.2021,"217,97"
20.12.2021,"223,04"
17.12.2021,"221,2"
16.12.2021,"218,52"
15.12.2021,"218,92"
14.12.2021,"220,79"
13.12.2021,"219,38"
10.12.2021,"218,19"
09.12.2021,"218,58"
08.12.2021,"212,52"
07.12.2021,"217,88"
06.12.2021,"229,76"
03.12.2021,"234,14"
02.12.2021,"235,08"
01.12.2021,"245,26"
30.11.2021,"254,26"
29.11.2021,"253,52"
26.11.2021,"263,45"
25.11.2021,"245,43"
24.11.2021,"245,42"
23.11.2021,"243,37"
22.11.2021,"238,56"
19.11.2021,"234,7"
18.11.2021,"234,93"
17.11.2021,"236,21"
16.11.2021,"234,88"
15.11.2021,"233,22"
12.11.2021,"232,39"
11.11.2021,"233,95"
10.11.2021,"234,08"
09.11.2021,"231,1"
08.11.2021,"232,54"
05.11.2021,"233,18"
04.11.2021,"237,68"
03.11.2021,"247,93"
02.11.2021,"250,17"
01.11.2021,"248,54"
29.10.2021,"244,17"
28.10.2021,"231,88"
27.10.2021,"226,61"
26.10.2021,"224,06"
25.10.2021,"224,29"
22.10.2021,"235,9"
21.10.2021,"223,73"
20.10.2021,"210,71"
19.10.2021,"207,86"
18.10.2021,"202,32"
15.10.2021,"200,05"
14.10.2021,"201,53"
13.10.2021,"207,7"
12.10.2021,"208,23"
11.10.2021,"203,27"
08.10.2021,"203,26"
07.10.2021,202
06.10.2021,"205,82"
05.10.2021,"204,71"
04.10.2021,"205,54"
01.10.2021,"201,16"
30.09.2021,203
29.09.2021,"203,1"
28.09.2021,"204,67"
27.09.2021,"199,7"
24.09.2021,"197,22"
23.09.2021,"192,07"
22.09.2021,"193,08"
21.09.2021,"194,64"
20.09.2021,"196,7"
17.09.2021,"178,41"
16.09.2021,"177,52"
15.09.2021,"176,88"
14.09.2021,"177,47"
13.09.2021,"177,01"
10.09.2021,"176,39"
09.09.2021,"180,46"
08.09.2021,"178,45"
07.09.2021,"174,87"
06.09.2021,"173,6"
03.09.2021,"173,6"
02.09.2021,"173,9"
01.09.2021,"175,31"
31.08.2021,"174,68"
30.08.2021,"172,98"
27.08.2021,"175,64"
26.08.2021,"179,74"
25.08.2021,"179,95"
24.08.2021,"182,76"
23.08.2021,"186,29"
20.08.2021,"188,03"
19.08.2021,"188,2"
18.08.2021,"184,05"
17.08.2021,"180,91"
16.08.2021,"178,34"
13.08.2021,"177,42"
12.08.2021,"178,02"
11.08.2021,"181,89"
10.08.2021,"183,69"
09.08.2021,"183,07"
06.08.2021,"181,23"
05.08.2021,"179,82"
04.08.2021,"177,58"
03.08.2021,"176,77"
02.08.2021,"175,79"
30.07.2021,"174,64"
29.07.2021,"171,45"
28.07.2021,"174,65"
27.07.2021,"175,18"
26.07.2021,"172,42"
23.07.2021,"171,54"
22.07.2021,"172,53"
21.07.2021,"172,49"
20.07.2021,"174,67"
19.07.2021,"178,21"
16.07.2021,"173,17"
15.07.2021,"173,37"
14.07.2021,"171,63"
13.07.2021,"175,9"
12.07.2021,"172,62"
09.07.2021,"172,65"
08.07.2021,"173,65"
07.07.2021,"169,65"
06.07.2021,"168,01"
05.07.2021,"164,31"
02.07.2021,"164,28"
01.07.2021,"165,52"
30.06.2021,"164,47"
29.06.2021,"159,59"
28.06.2021,"157,82"
25.06.2021,"157,19"
24.06.2021,"159,04"
23.06.2021,"161,74"
22.06.2021,"163,97"
21.06.2021,"164,83"
18.06.2021,"166,21"
17.06.2021,"163,41"
16.06.2021,"163,38"
15.06.2021,"161,91"
14.06.2021,"161,35"
11.06.2021,"158,89"
10.06.2021,"158,91"
09.06.2021,"159,33"
08.06.2021,"160,86"
07.06.2021,"161,74"
04.06.2021,"162,23"
03.06.2021,"164,37"
02.06.2021,"163,22"
01.06.2021,"166,96"
31.05.2021,"170,81"
28.05.2021,"170,79"
27.05.2021,"171,6"
26.05.2021,"174,43"
25.05.2021,"176,09"
24.05.2021,"176,49"
21.05.2021,"177,11"
20.05.2021,"176,42"
19.05.2021,"180,21"
18.05.2021,"178,01"
17.05.2021,"175,88"
14.05.2021,"174,44"
13.05.2021,"176,66"
12.05.2021,"177,79"
11.05.2021,"173,38"
10.05.2021,"171,28"
07.05.2021,"174,98"
06.05.2021,"183,39"
05.05.2021,"190,11"
04.05.2021,"192,77"
03.05.2021,"190,78"
30.04.2021,"189,56"
29.04.2021,"188,89"
28.04.2021,"191,51"
27.04.2021,"192,97"
26.04.2021,"189,79"
23.04.2021,"188,63"
22.04.2021,"191,54"
21.04.2021,"195,56"
20.04.2021,"197,13"
19.04.2021,"194,66"
16.04.2021,"199,09"
15.04.2021,"206,47"
14.04.2021,"214,27"
13.04.2021,"216,86"
12.04.2021,"219,16"
09.04.2021,"218,7"
08.04.2021,"218,14"
07.04.2021,"220,98"
06.04.2021,"216,3"
05.04.2021,"220,96"
02.04.2021,"221,19"
01.04.2021,"220,8"
31.03.2021,"221,5"
30.03.2021,"228,15"
29.03.2021,"225,06"
26.03.2021,"218,24"
25.03.2021,"216,54"
24.03.2021,"207,98"
23.03.2021,"203,1"
22.03.2021,"196,62"
19.03.2021,"190,08"
18.03.2021,"195,06"
17.03.2021,"193,84"
16.03.2021,198
15.03.2021,"200,18"
12.03.2021,"198,6"
11.03.2021,"195,99"
10.03.2021,"208,78"
09.03.2021,"211,61"
08.03.2021,"212,29"
05.03.2021,"194,22"
04.03.2021,"193,69"
03.03.2021,"191,41"
02.03.2021,"192,99"
01.03.2021,"183,74"
26.02.2021,"193,87"
25.02.2021,"185,01"
24.02.2021,"170,73"
23.02.2021,"175,63"
22.02.2021,"180,89"
19.02.2021,"162,07"
18.02.2021,"158,82"
17.02.2021,"157,59"
16.02.2021,"155,34"
15.02.2021,"153,06"
12.02.2021,"152,8"
11.02.2021,"152,98"
10.02.2021,"154,98"
09.02.2021,"155,61"
08.02.2021,"149,03"
05.02.2021,"147,62"
04.02.2021,"149,16"
03.02.2021,"152,16"
02.02.2021,"156,92"
01.02.2021,"166,22"
29.01.2021,"171,67"
28.01.2021,"170,14"
27.01.2021,"176,81"
26.01.2021,"175,24"
25.01.2021,"176,9"
22.01.2021,"171,93"
21.01.2021,"168,63"
20.01.2021,"165,74"
19.01.2021,"168,21"
18.01.2021,"167,76"
15.01.2021,"167,76"
14.01.2021,"159,35"
13.01.2021,"157,69"
12.01.2021,"161,44"
11.01.2021,"160,36"
08.01.2021,155
07.01.2021,"151,74"
06.01.2021,"146,89"
05.01.2021,"146,4"
04.01.2021,"140,98"
01.01.2021,"141,6"
31.12.2020,"141,6"
30.12.2020,"142,23"
29.12.2020,"142,48"
28.12.2020,"144,1"
25.12.2020,"144,83"
24.12.2020,"144,83"
23.12.2020,"146,88"
22.12.2020,"149,27"
21.12.2020,"150,62"
18.12.2020,"148,76"
17.12.2020,"146,86"
16.12.2020,"148,73"
15.12.2020,"149,23"
14.12.2020,"150,42"
11.12.2020,"153,7"
10.12.2020,"153,47"
09.12.2020,"154,62"
08.12.2020,"154,22"
07.12.2020,"154,34"
04.12.2020,"151,93"
03.12.2020,"152,92"
02.12.2020,"155,73"
01.12.2020,"155,96"
30.11.2020,"165,49"
27.11.2020,"163,86"
26.11.2020,"166,37"
25.11.2020,"166,36"
24.11.2020,"167,08"
23.11.2020,"171,67"
20.11.2020,"172,51"
19.11.2020,"173,74"
18.11.2020,"173,02"
17.11.2020,"176,21"
16.11.2020,"175,44"
13.11.2020,"179,67"
12.11.2020,"177,34"
10.11.2020,"165,7"
09.11.2020,"164,74"
06.11.2020,"186,94"
05.11.2020,"191,59"
04.11.2020,"203,68"
03.11.2020,"209,43"
02.11.2020,"215,51"
30.10.2020,"215,33"
29.10.2020,"216,12"
28.10.2020,"218,31"
27.10.2020,"210,48"
26.10.2020,"212,26"
23.10.2020,"209,65"
22.10.2020,"214,22"
21.10.2020,"212,68"
20.10.2020,"215,38"
19.10.2020,"217,28"
16.10.2020,"217,11"
15.10.2020,"221,2"
14.10.2020,"220,32"
13.10.2020,"216,48"
12.10.2020,"213,87"
09.10.2020,"213,87"
08.10.2020,"221,13"
07.10.2020,"224,85"
06.10.2020,"228,85"
05.10.2020,"231,25"
02.10.2020,"243,61"
01.10.2020,"243,54"