Data,Taxa de cambio - Livre - Dolar americano (venda) - diario - u.m.c./US$
01/10/2020,"5,6441"
02/10/2020,"5,6464"
05/10/2020,"5,6299"
06/10/2020,"5,5205"
07/10/2020,"5,6018"
08/10/2020,"5,62"
09/10/2020,"5,5393"
13/10/2020,"5,5859"
14/10/2020,"5,5675"
15/10/2020,"5,6172"
16/10/2020,"5,6226"
19/10/2020,"5,6023"
20/10/2020,"5,583"
21/10/2020,"5,6006"
22/10/2020,"5,582"
23/10/2020,"5,612"
26/10/2020,"5,6328"
27/10/2020,"5,6491"
28/10/2020,"5,7325"
29/10/2020,"5,7803"
30/10/2020,"5,7718"
03/11/2020,"5,6895"
04/11/2020,"5,6932"
05/11/2020,"5,5624"
06/11/2020,"5,5313"
09/11/2020,"5,2821"
10/11/2020,"5,3696"
11/11/2020,"5,402"
12/11/2020,"5,4094"
13/11/2020,"5,4854"
16/11/2020,"5,4198"
17/11/2020,"5,3968"
18/11/2020,"5,2932"
19/11/2020,"5,333"
20/11/2020,"5,3505"
23/11/2020,"5,3828"
24/11/2020,"5,4037"
25/11/2020,"5,3508"
26/11/2020,"5,3201"
27/11/2020,"5,3494"
30/11/2020,"5,3317"
01/12/2020,"5,2789"
02/12/2020,"5,2267"
03/12/2020,"5,1625"
04/12/2020,"5,1706"
07/12/2020,"5,1018"
08/12/2020,"5,092"
09/12/2020,"5,1109"
10/12/2020,"5,0852"
11/12/2020,"5,0691"
14/12/2020,"5,0578"
15/12/2020,"5,0968"
16/12/2020,"5,1057"
17/12/2020,"5,0612"
18/12/2020,"5,0986"
21/12/2020,"5,1572"
22/12/2020,"5,1473"
23/12/2020,"5,174"
24/12/2020,"5,18"
28/12/2020,"5,239"
29/12/2020,"5,1942"
30/12/2020,"5,1967"
31/12/2020,"5,1967"
04/01/2021,"5,1626"
05/01/2021,"5,3269"
06/01/2021,"5,3182"
07/01/2021,"5,3433"
08/01/2021,"5,3683"
11/01/2021,"5,4966"
12/01/2021,"5,4637"
13/01/2021,"5,307"
14/01/2021,"5,2617"
15/01/2021,"5,2714"
18/01/2021,"5,2788"
19/01/2021,"5,2945"
20/01/2021,"5,3033"
21/01/2021,"5,3166"
22/01/2021,"5,4301"
25/01/2021,"5,5089"
26/01/2021,"5,3865"
27/01/2021,"5,3824"
28/01/2021,"5,4282"
29/01/2021,"5,4759"
01/02/2021,"5,4608"
02/02/2021,"5,3875"
03/02/2021,"5,3423"
04/02/2021,"5,391"
05/02/2021,"5,3884"
08/02/2021,"5,367"
09/02/2021,"5,4216"
10/02/2021,"5,4024"
11/02/2021,"5,3626"
12/02/2021,"5,3815"
17/02/2021,"5,4138"
18/02/2021,"5,4238"
19/02/2021,"5,3924"
22/02/2021,"5,5044"
23/02/2021,"5,449"
24/02/2021,"5,4182"
25/02/2021,"5,46"
26/02/2021,"5,5302"
01/03/2021,"5,5832"
02/03/2021,"5,6844"
03/03/2021,"5,7342"
04/03/2021,"5,6008"
05/03/2021,"5,687"
08/03/2021,"5,7343"
09/03/2021,"5,8397"
10/03/2021,"5,7449"
11/03/2021,"5,589"
12/03/2021,"5,564"
15/03/2021,"5,6296"
16/03/2021,"5,5851"
17/03/2021,"5,6579"
18/03/2021,"5,5474"
19/03/2021,"5,5082"
22/03/2021,"5,5269"
23/03/2021,"5,4951"
24/03/2021,"5,533"
25/03/2021,"5,6585"
26/03/2021,"5,7042"
29/03/2021,"5,7925"
30/03/2021,"5,7642"
31/03/2021,"5,6973"
01/04/2021,"5,6849"
05/04/2021,"5,6579"
06/04/2021,"5,6263"
07/04/2021,"5,5864"
08/04/2021,"5,5817"
09/04/2021,"5,6445"
12/04/2021,"5,6582"
13/04/2021,"5,7064"
14/04/2021,"5,6936"
15/04/2021,"5,6234"
16/04/2021,"5,6328"
19/04/2021,"5,575"
20/04/2021,"5,5266"
22/04/2021,"5,497"
23/04/2021,"5,4787"
26/04/2021,"5,4566"
27/04/2021,"5,4424"
28/04/2021,"5,4005"
29/04/2021,"5,3662"
30/04/2021,"5,4036"
03/05/2021,"5,4087"
04/05/2021,"5,4505"
05/05/2021,"5,3872"
06/05/2021,"5,2897"
07/05/2021,"5,2217"
10/05/2021,"5,2227"
11/05/2021,"5,2403"
12/05/2021,"5,2353"
13/05/2021,"5,2815"
14/05/2021,"5,2701"
17/05/2021,"5,2755"
18/05/2021,"5,2588"
19/05/2021,"5,2822"
20/05/2021,"5,2905"
21/05/2021,"5,3027"
24/05/2021,"5,3198"
25/05/2021,"5,3143"
26/05/2021,"5,3164"
27/05/2021,"5,284"
28/05/2021,"5,2281"
31/05/2021,"5,2322"
01/06/2021,"5,1636"
02/06/2021,"5,1147"
04/06/2021,"5,0666"
07/06/2021,"5,0498"
08/06/2021,"5,0489"
09/06/2021,"5,0533"
10/06/2021,"5,0635"
11/06/2021,"5,119"
14/06/2021,"5,0707"
15/06/2021,"5,0874"
16/06/2021,"5,0207"
17/06/2021,"5,0359"
18/06/2021,"5,0314"
21/06/2021,"5,0373"
22/06/2021,"5,0178"
23/06/2021,"4,9519"
24/06/2021,"4,9277"
25/06/2021,"4,9206"
28/06/2021,"4,942"
29/06/2021,"4,945"
30/06/2021,"5,0022"
01/07/2021,"5,0055"
02/07/2021,"5,0293"
05/07/2021,"5,0749"
06/07/2021,"5,1645"
07/07/2021,"5,2328"
08/07/2021,"5,2587"
09/07/2021,"5,2393"
12/07/2021,"5,2239"
13/07/2021,"5,177"
14/07/2021,"5,088"
15/07/2021,"5,1"
16/07/2021,"5,0941"
19/07/2021,"5,1978"
20/07/2021,"5,2465"
21/07/2021,"5,2516"
22/07/2021,"5,1978"
23/07/2021,"5,1701"
26/07/2021,"5,1863"
27/07/2021,"5,1669"
28/07/2021,"5,1527"
29/07/2021,"5,0682"
30/07/2021,"5,1216"
02/08/2021,"5,1379"
03/08/2021,"5,2464"
04/08/2021,"5,2091"
05/08/2021,"5,1464"
06/08/2021,"5,241"
09/08/2021,"5,2774"
10/08/2021,"5,2217"
11/08/2021,"5,2013"
12/08/2021,"5,2351"
13/08/2021,"5,2474"
16/08/2021,"5,2495"
17/08/2021,"5,2585"
18/08/2021,"5,3025"
19/08/2021,"5,418"
20/08/2021,"5,4274"
23/08/2021,"5,3686"
24/08/2021,"5,3017"
25/08/2021,"5,2465"
26/08/2021,"5,2429"
27/08/2021,"5,22"
30/08/2021,"5,1952"
31/08/2021,"5,1433"
01/09/2021,"5,1576"
02/09/2021,"5,1735"
03/09/2021,"5,1685"
06/09/2021,"5,1773"
08/09/2021,"5,2524"
09/09/2021,"5,2825"
10/09/2021,"5,2158"
13/09/2021,"5,219"
14/09/2021,"5,226"
15/09/2021,"5,2576"
16/09/2021,"5,2594"
17/09/2021,"5,3103"
20/09/2021,"5,3332"
21/09/2021,"5,3044"
22/09/2021,"5,2783"
23/09/2021,"5,2891"
24/09/2021,"5,3435"
27/09/2021,"5,3478"
28/09/2021,"5,4206"
29/09/2021,"5,4173"
30/09/2021,"5,4394"
01/10/2021,"5,3911"
04/10/2021,"5,4204"
05/10/2021,"5,4611"
06/10/2021,"5,5097"
07/10/2021,"5,514"
08/10/2021,"5,5084"
11/10/2021,"5,5161"
13/10/2021,"5,5471"
14/10/2021,"5,4988"
15/10/2021,"5,451"
18/10/2021,"5,5193"
19/10/2021,"5,5521"
20/10/2021,"5,5571"
21/10/2021,"5,6423"
22/10/2021,"5,7117"
25/10/2021,"5,5973"
26/10/2021,"5,58"
27/10/2021,"5,5667"
28/10/2021,"5,6124"
29/10/2021,"5,643"
01/11/2021,"5,6694"
03/11/2021,"5,6672"
04/11/2021,"5,5942"
05/11/2021,"5,5455"
08/11/2021,"5,5627"
09/11/2021,"5,4957"
10/11/2021,"5,459"
11/11/2021,"5,4171"
12/11/2021,"5,4199"
16/11/2021,"5,4772"
17/11/2021,"5,4993"
18/11/2021,"5,547"
19/11/2021,"5,5584"
22/11/2021,"5,5841"
23/11/2021,"5,6456"
24/11/2021,"5,6027"
25/11/2021,"5,574"
26/11/2021,"5,5865"
29/11/2021,"5,6118"
30/11/2021,"5,6199"
01/12/2021,"5,6168"
02/12/2021,"5,6345"
03/12/2021,"5,6432"
06/12/2021,"5,6877"
07/12/2021,"5,6411"
08/12/2021,"5,5779"
09/12/2021,"5,5564"
10/12/2021,"5,5931"
13/12/2021,"5,6357"
14/12/2021,"5,6461"
15/12/2021,"5,7127"
16/12/2021,"5,6963"
17/12/2021,"5,6959"
20/12/2021,"5,7055"
21/12/2021,"5,7372"
22/12/2021,"5,7201"
23/12/2021,"5,691"
24/12/2021,"5,6591"
27/12/2021,"5,665"
28/12/2021,"5,6438"
29/12/2021,"5,6619"
30/12/2021,"5,5805"
31/12/2021,"5,5805"
03/01/2022,"5,6309"
04/01/2022,"5,6776"
05/01/2022,"5,6628"
06/01/2022,"5,7042"
07/01/2022,"5,6753"
10/01/2022,"5,6736"
11/01/2022,"5,6351"
12/01/2022,"5,5611"
13/01/2022,"5,5246"
14/01/2022,"5,5349"
17/01/2022,"5,5058"
18/01/2022,"5,5213"
19/01/2022,"5,4978"
20/01/2022,"5,4166"
21/01/2022,"5,4401"
24/01/2022,"5,491"
25/01/2022,"5,4971"
26/01/2022,"5,4324"
27/01/2022,"5,3812"
28/01/2022,"5,3954"
31/01/2022,"5,3574"
01/02/2022,"5,281"
02/02/2022,"5,2956"
03/02/2022,"5,3025"
04/02/2022,"5,3284"
07/02/2022,"5,2913"
08/02/2022,"5,2699"
09/02/2022,"5,2735"
10/02/2022,"5,2101"
11/02/2022,"5,1987"
14/02/2022,"5,2106"
15/02/2022,"5,1881"
16/02/2022,"5,163"
17/02/2022,"5,1565"
18/02/2022,"5,1339"
21/02/2022,"5,0997"
22/02/2022,"5,0611"
23/02/2022,"5,0143"
24/02/2022,"5,1174"
25/02/2022,"5,1394"
02/03/2022,"5,1347"
03/03/2022,"5,0479"
04/03/2022,"5,0758"
07/03/2022,"5,0579"
08/03/2022,"5,0903"
09/03/2022,"5,0094"
10/03/2022,"5,0513"
11/03/2022,"5,0255"
14/03/2022,"5,0647"
15/03/2022,"5,1314"
16/03/2022,"5,1287"
17/03/2022,"5,0764"
18/03/2022,"5,0411"
21/03/2022,"4,9666"
22/03/2022,"4,9208"
23/03/2022,"4,8704"
24/03/2022,"4,8067"
25/03/2022,"4,7782"
28/03/2022,"4,7905"
29/03/2022,"4,7486"
30/03/2022,"4,7497"
31/03/2022,"4,7378"
01/04/2022,"4,6984"
04/04/2022,"4,6175"
05/04/2022,"4,64"
06/04/2022,"4,6967"
07/04/2022,"4,7422"
08/04/2022,"4,7513"
11/04/2022,"4,7025"
12/04/2022,"4,6483"
13/04/2022,"4,6811"
14/04/2022,"4,7158"
18/04/2022,"4,6746"
19/04/2022,"4,6664"
20/04/2022,"4,6397"
22/04/2022,"4,7326"
25/04/2022,"4,8818"
26/04/2022,"4,9666"
27/04/2022,"5,0167"
28/04/2022,"5,011"
29/04/2022,"4,9191"
02/05/2022,"5,0266"
03/05/2022,"5,0167"
04/05/2022,"5,0093"
05/05/2022,"5,0051"
06/05/2022,"5,075"
09/05/2022,"5,134"
10/05/2022,"5,139"
11/05/2022,"5,1244"
12/05/2022,"5,1482"
13/05/2022,"5,1075"
16/05/2022,"5,0666"
17/05/2022,"4,9676"
18/05/2022,"4,9592"
19/05/2022,"4,9198"
20/05/2022,"4,8777"
23/05/2022,"4,7973"
24/05/2022,"4,8106"
25/05/2022,"4,8359"
26/05/2022,"4,7967"
27/05/2022,"4,7434"
30/05/2022,"4,7216"
31/05/2022,"4,7289"
01/06/2022,"4,7765"
02/06/2022,"4,7879"
03/06/2022,"4,7956"
06/06/2022,"4,7839"
07/06/2022,"4,8909"
08/06/2022,"4,8711"
09/06/2022,"4,8951"
10/06/2022,"4,9836"
13/06/2022,"5,1033"
14/06/2022,"5,1203"
15/06/2022,"5,1119"
17/06/2022,"5,1313"
20/06/2022,"5,1641"
21/06/2022,"5,1462"
22/06/2022,"5,1509"
23/06/2022,"5,1833"
24/06/2022,"5,2334"
27/06/2022,"5,2214"
28/06/2022,"5,2179"
29/06/2022,"5,2268"
30/06/2022,"5,238"
01/07/2022,"5,3142"
04/07/2022,"5,3038"
05/07/2022,"5,3899"
06/07/2022,"5,4321"
07/07/2022,"5,364"
08/07/2022,"5,3086"
11/07/2022,"5,3477"
12/07/2022,"5,412"
13/07/2022,"5,3992"
14/07/2022,"5,4568"
15/07/2022,"5,4014"
18/07/2022,"5,3675"
19/07/2022,"5,3904"
20/07/2022,"5,4288"
21/07/2022,"5,475"
22/07/2022,"5,4522"
25/07/2022,"5,4144"
26/07/2022,"5,3608"
27/07/2022,"5,3074"
28/07/2022,"5,2149"
29/07/2022,"5,1884"
01/08/2022,"5,1606"
02/08/2022,"5,2329"
03/08/2022,"5,2846"
04/08/2022,"5,2409"
05/08/2022,"5,2165"
08/08/2022,"5,1247"
09/08/2022,"5,1224"
10/08/2022,"5,0497"
11/08/2022,"5,1127"
12/08/2022,"5,1023"
15/08/2022,"5,0925"
16/08/2022,"5,134"
17/08/2022,"5,1784"
18/08/2022,"5,1773"
19/08/2022,"5,1961"
22/08/2022,"5,1709"
23/08/2022,"5,103"
24/08/2022,"5,105"
25/08/2022,"5,1173"
26/08/2022,"5,0903"
29/08/2022,"5,0428"
30/08/2022,"5,0617"
31/08/2022,"5,179"
01/09/2022,"5,2007"
02/09/2022,"5,1878"
05/09/2022,"5,1686"
06/09/2022,"5,2228"
08/09/2022,"5,2155"
09/09/2022,"5,1633"
12/09/2022,"5,1183"
13/09/2022,"5,1794"
14/09/2022,"5,1774"
15/09/2022,"5,2211"
16/09/2022,"5,2882"
19/09/2022,"5,2367"
20/09/2022,"5,1705"
21/09/2022,"5,1692"
22/09/2022,"5,1677"
23/09/2022,"5,2257"
26/09/2022,"5,3548"
27/09/2022,"5,3508"
28/09/2022,"5,3594"
29/09/2022,"5,3916"
30/09/2022,"5,4066"
03/10/2022,"5,2002"
04/10/2022,"5,1411"
05/10/2022,"5,2144"
06/10/2022,"5,2009"
07/10/2022,"5,2221"
10/10/2022,"5,1941"
11/10/2022,"5,2068"
13/10/2022,"5,3017"
14/10/2022,"5,2824"
17/10/2022,"5,2713"
18/10/2022,"5,2697"
19/10/2022,"5,2808"
20/10/2022,"5,2176"
21/10/2022,"5,1919"
24/10/2022,"5,2744"
25/10/2022,"5,3091"
26/10/2022,"5,3248"
27/10/2022,"5,3003"
28/10/2022,"5,3454"
31/10/2022,"5,257"
01/11/2022,"5,15"
03/11/2022,"5,1349"
04/11/2022,"5,036"
07/11/2022,"5,0886"
08/11/2022,"5,1744"
09/11/2022,"5,1629"
10/11/2022,"5,3064"
11/11/2022,"5,3051"
14/11/2022,"5,3013"
16/11/2022,"5,3204"
17/11/2022,"5,4655"
18/11/2022,"5,3477"
21/11/2022,"5,3259"
22/11/2022,"5,3339"
23/11/2022,"5,393"
24/11/2022,"5,3149"
25/11/2022,"5,3508"
28/11/2022,"5,3796"
29/11/2022,"5,3076"
30/11/2022,"5,2941"
01/12/2022,"5,1948"
02/12/2022,"5,1974"
05/12/2022,"5,2464"
06/12/2022,"5,2396"
07/12/2022,"5,2208"
08/12/2022,"5,2091"
09/12/2022,"5,2396"
12/12/2022,"5,3066"
13/12/2022,"5,2669"
14/12/2022,"5,3406"
15/12/2022,"5,3183"
16/12/2022,"5,2806"
19/12/2022,"5,316"
20/12/2022,"5,2427"
21/12/2022,"5,2031"
22/12/2022,"5,1871"
23/12/2022,"5,1445"
26/12/2022,"5,1872"
27/12/2022,"5,2832"
28/12/2022,"5,2736"
29/12/2022,"5,2177"
30/12/2022,"5,2177"
02/01/2023,"5,3436"
03/01/2023,"5,3759"
04/01/2023,"5,4459"
05/01/2023,"5,4026"
06/01/2023,"5,2855"
09/01/2023,"5,2967"
10/01/2023,"5,2395"
11/01/2023,"5,202"
12/01/2023,"5,14"
13/01/2023,"5,1146"
16/01/2023,"5,1115"
17/01/2023,"5,1203"
18/01/2023,"5,0909"
19/01/2023,"5,2144"
20/01/2023,"5,1986"
23/01/2023,"5,1922"
24/01/2023,"5,1696"
25/01/2023,"5,1042"
26/01/2023,"5,0951"
27/01/2023,"5,0767"
30/01/2023,"5,0959"
31/01/2023,"5,0993"
01/02/2023,"5,0721"
02/02/2023,"4,9901"
03/02/2023,"5,103"
06/02/2023,"5,1763"
07/02/2023,"5,1695"
08/02/2023,"5,2036"
09/02/2023,"5,2315"
10/02/2023,"5,2526"
13/02/2023,"5,1834"
14/02/2023,"5,1507"
15/02/2023,"5,2243"
16/02/2023,"5,2432"
17/02/2023,"5,2012"
22/02/2023,"5,173"
23/02/2023,"5,133"
24/02/2023,"5,1791"
27/02/2023,"5,196"
28/02/2023,"5,2078"
01/03/2023,"5,207"
02/03/2023,"5,208"
03/03/2023,"5,2037"
06/03/2023,"5,197"
07/03/2023,"5,1901"
08/03/2023,"5,1387"
09/03/2023,"5,1353"
10/03/2023,"5,1822"
13/03/2023,"5,24"
14/03/2023,"5,2362"
15/03/2023,"5,2981"
16/03/2023,"5,2892"
17/03/2023,"5,2679"
20/03/2023,"5,2467"
21/03/2023,"5,2444"
22/03/2023,"5,2648"
23/03/2023,"5,2632"
24/03/2023,"5,2921"
27/03/2023,"5,2306"
28/03/2023,"5,1733"
29/03/2023,"5,1493"
30/03/2023,"5,1254"
31/03/2023,"5,0804"
03/04/2023,"5,0637"
04/04/2023,"5,0762"
05/04/2023,"5,0447"
06/04/2023,"5,0683"
10/04/2023,"5,0834"
11/04/2023,"5,0128"
12/04/2023,"4,9496"
13/04/2023,"4,9097"
14/04/2023,"4,9455"
17/04/2023,"4,9421"
18/04/2023,"4,9678"
19/04/2023,"5,0467"
20/04/2023,"5,0497"
24/04/2023,"5,0595"
25/04/2023,"5,0613"
26/04/2023,"5,0585"
27/04/2023,"5,015"
28/04/2023,"5,0007"
02/05/2023,"5,0334"
03/05/2023,"5,0227"
04/05/2023,"5,0106"
05/05/2023,"4,9696"
08/05/2023,"4,9696"
09/05/2023,"5,0007"
10/05/2023,"4,9547"
11/05/2023,"4,9696"
12/05/2023,"4,9234"
15/05/2023,"4,9103"
16/05/2023,"4,9122"
17/05/2023,"4,9513"
18/05/2023,"4,9647"
19/05/2023,"4,9858"
22/05/2023,"4,968"
23/05/2023,"4,9674"
24/05/2023,"4,9474"
25/05/2023,"4,999"
26/05/2023,"5,0114"
29/05/2023,"4,9954"
30/05/2023,"5,0593"
31/05/2023,"5,0959"
01/06/2023,"5,035"
02/06/2023,"4,9558"
05/06/2023,"4,9236"
06/06/2023,"4,9292"
07/06/2023,"4,9119"
09/06/2023,"4,8922"
12/06/2023,"4,8832"
13/06/2023,"4,8533"
14/06/2023,"4,8462"
15/06/2023,"4,8222"
16/06/2023,"4,8286"
19/06/2023,"4,7803"
20/06/2023,"4,793"
21/06/2023,"4,7795"
22/06/2023,"4,775"
23/06/2023,"4,7799"
26/06/2023,"4,7698"
27/06/2023,"4,7903"
28/06/2023,"4,8563"
29/06/2023,"4,8584"
30/06/2023,"4,8192"
03/07/2023,"4,7876"
04/07/2023,"4,8056"
05/07/2023,"4,8577"
06/07/2023,"4,8977"
07/07/2023,"4,8799"
10/07/2023,"4,8735"
11/07/2023,"4,8949"
12/07/2023,"4,8058"
13/07/2023,"4,8038"
14/07/2023,"4,7957"
17/07/2023,"4,8302"
18/07/2023,"4,804"
19/07/2023,"4,8"
20/07/2023,"4,7888"
21/07/2023,"4,7732"
24/07/2023,"4,7457"
25/07/2023,"4,7496"
26/07/2023,"4,7368"
27/07/2023,"4,7202"
28/07/2023,"4,7253"
31/07/2023,"4,7415"
01/08/2023,"4,7752"
02/08/2023,"4,8083"
03/08/2023,"4,8797"
04/08/2023,"4,8609"
07/08/2023,"4,901"
08/08/2023,"4,9217"
09/08/2023,"4,9015"
10/08/2023,"4,8518"
11/08/2023,"4,8918"
14/08/2023,"4,9481"
15/08/2023,"4,9812"
16/08/2023,"4,9772"
17/08/2023,"4,9816"
18/08/2023,"4,9724"
21/08/2023,"4,9847"
22/08/2023,"4,9431"
23/08/2023,"4,8977"
24/08/2023,"4,8748"
25/08/2023,"4,8772"
28/08/2023,"4,8938"
29/08/2023,"4,8706"
30/08/2023,"4,8653"
31/08/2023,"4,9219"
01/09/2023,"4,9318"
04/09/2023,"4,9176"
05/09/2023,"4,9705"
06/09/2023,"4,9762"
08/09/2023,"4,9835"
11/09/2023,"4,9366"
12/09/2023,"4,9505"
13/09/2023,"4,9171"
14/09/2023,"4,8751"
15/09/2023,"4,8689"
18/09/2023,"4,8535"
19/09/2023,"4,8575"
20/09/2023,"4,8487"
21/09/2023,"4,9229"
22/09/2023,"4,9131"
25/09/2023,"4,9606"
26/09/2023,"4,9717"
27/09/2023,"5,0289"
28/09/2023,"5,0475"
29/09/2023,"5,0076"
02/10/2023,"5,0679"
03/10/2023,"5,11"
04/10/2023,"5,1526"
05/10/2023,"5,1713"
06/10/2023,"5,1918"
09/10/2023,"5,1666"
10/10/2023,"5,0862"
11/10/2023,"5,0496"
13/10/2023,"5,0625"
16/10/2023,"5,0618"
17/10/2023,"5,0384"
18/10/2023,"5,0568"
19/10/2023,"5,054"
20/10/2023,"5,0528"
23/10/2023,"5,0164"
24/10/2023,"5,0065"
25/10/2023,"4,9981"
26/10/2023,"5,0055"
27/10/2023,"4,948"
30/10/2023,"5,0074"
31/10/2023,"5,0575"
01/11/2023,"5,0194"
03/11/2023,"4,891"
06/11/2023,"4,8999"
07/11/2023,"4,867"
08/11/2023,"4,8855"
09/11/2023,"4,9007"
10/11/2023,"4,9219"
13/11/2023,"4,9247"
14/11/2023,"4,8682"
16/11/2023,"4,8575"
17/11/2023,"4,8849"
20/11/2023,"4,8723"
21/11/2023,"4,8806"
22/11/2023,"4,8968"
23/11/2023,"4,8931"
24/11/2023,"4,8927"
27/11/2023,"4,8951"
28/11/2023,"4,8867"
29/11/2023,"4,8933"
30/11/2023,"4,9355"
01/12/2023,"4,9191"
04/12/2023,"4,9091"
05/12/2023,"4,9522"
06/12/2023,"4,9031"
07/12/2023,"4,8949"
08/12/2023,"4,9158"
11/12/2023,"4,944"
12/12/2023,"4,9476"
13/12/2023,"4,958"
14/12/2023,"4,8912"
15/12/2023,"4,9397"
18/12/2023,"4,9399"
19/12/2023,"4,8663"
20/12/2023,"4,8766"
21/12/2023,"4,8755"
22/12/2023,"4,8619"
26/12/2023,"4,8368"
27/12/2023,"4,8306"
28/12/2023,"4,8413"
29/12/2023,"4,8413"
02/01/2024,"4,8916"
03/01/2024,"4,9212"
04/01/2024,"4,9188"
05/01/2024,"4,8899"
08/01/2024,"4,885"
09/01/2024,"4,8937"
10/01/2024,"4,8901"
11/01/2024,"4,8794"
12/01/2024,"4,8543"
15/01/2024,"4,8765"
16/01/2024,"4,9038"
17/01/2024,"4,9346"
18/01/2024,"4,9403"
19/01/2024,"4,9223"
22/01/2024,"4,949"
23/01/2024,"4,9715"
24/01/2024,"4,9192"
25/01/2024,"4,9232"
26/01/2024,"4,9125"
29/01/2024,"4,9225"
30/01/2024,"4,9638"
31/01/2024,"4,9535"
01/02/2024,"4,935"
02/02/2024,"4,9471"
05/02/2024,"5,0053"
06/02/2024,"4,9687"
07/02/2024,"4,9608"
08/02/2024,"4,9804"
09/02/2024,"4,9717"
14/02/2024,"4,9723"
15/02/2024,"4,971"
16/02/2024,"4,9761"
19/02/2024,"4,9585"
20/02/2024,"4,9408"
21/02/2024,"4,9303"
22/02/2024,"4,9419"
23/02/2024,"4,9851"
26/02/2024,"4,9819"
27/02/2024,"4,9575"
28/02/2024,"4,9557"
29/02/2024,"4,9833"
01/03/2024,"4,9596"
04/03/2024,"4,9475"
05/03/2024,"4,9488"
06/03/2024,"4,9398"
07/03/2024,"4,9364"
08/03/2024,"4,9751"
11/03/2024,"4,9777"
12/03/2024,"4,9813"
13/03/2024,"4,9803"
14/03/2024,"4,9768"
15/03/2024,"4,9937"
18/03/2024,"5,0124"
19/03/2024,"5,0352"
20/03/2024,"5,012"
21/03/2024,"4,9807"
22/03/2024,"4,9897"
25/03/2024,"4,9869"
26/03/2024,"4,987"
27/03/2024,"4,9856"
28/03/2024,"4,9962"
01/04/2024,"5,0532"
02/04/2024,"5,0476"
03/04/2024,"5,0724"
04/04/2024,"5,0237"
05/04/2024,"5,052"
08/04/2024,"5,0421"
09/04/2024,"5,008"
10/04/2024,"5,0654"
11/04/2024,"5,0765"
12/04/2024,"5,1364"
15/04/2024,"5,1746"
16/04/2024,"5,2635"
17/04/2024,"5,2469"
18/04/2024,"5,2512"
19/04/2024,"5,2269"
22/04/2024,"5,2043"
23/04/2024,"5,1626"
24/04/2024,"5,1592"
25/04/2024,"5,1679"
26/04/2024,"5,1184"
29/04/2024,"5,1155"
30/04/2024,"5,1718"
02/05/2024,"5,1184"
03/05/2024,"5,0668"
06/05/2024,"5,0727"
07/05/2024,"5,061"
08/05/2024,"5,0887"
09/05/2024,"5,1577"
10/05/2024,"5,1464"
13/05/2024,"5,1412"
14/05/2024,"5,1356"
15/05/2024,"5,1423"
16/05/2024,"5,127"
17/05/2024,"5,1157"
20/05/2024,"5,1085"
21/05/2024,"5,1037"
22/05/2024,"5,1502"
23/05/2024,"5,1443"
24/05/2024,"5,1508"
27/05/2024,"5,1704"
28/05/2024,"5,1538"
29/05/2024,"5,1972"
31/05/2024,"5,2416"
03/06/2024,"5,2373"
04/06/2024,"5,2687"
05/06/2024,"5,2841"
06/06/2024,"5,2681"
07/06/2024,"5,2802"
10/06/2024,"5,3666"
11/06/2024,"5,3524"
12/06/2024,"5,3891"
13/06/2024,"5,3974"
14/06/2024,"5,363"
17/06/2024,"5,413"
18/06/2024,"5,4074"
19/06/2024,"5,4647"
20/06/2024,"5,4254"
21/06/2024,"5,4416"
24/06/2024,"5,4"
25/06/2024,"5,429"
26/06/2024,"5,5097"
27/06/2024,"5,5229"
28/06/2024,"5,5589"
01/07/2024,"5,5893"
02/07/2024,"5,6677"
03/07/2024,"5,5863"
04/07/2024,"5,4839"
05/07/2024,"5,497"
08/07/2024,"5,472"
09/07/2024,"5,4387"
10/07/2024,"5,3967"
11/07/2024,"5,41"
12/07/2024,"5,4529"
15/07/2024,"5,4563"
16/07/2024,"5,4274"
17/07/2024,"5,467"
18/07/2024,"5,5426"
19/07/2024,"5,5543"
22/07/2024,"5,5598"
23/07/2024,"5,5807"
24/07/2024,"5,6346"
25/07/2024,"5,6402"
26/07/2024,"5,6465"
29/07/2024,"5,6479"
30/07/2024,"5,6532"
31/07/2024,"5,6621"
01/08/2024,"5,6681"
02/08/2024,"5,7366"
05/08/2024,"5,7646"
06/08/2024,"5,6528"
07/08/2024,"5,6093"
08/08/2024,"5,6172"
09/08/2024,"5,5115"
12/08/2024,"5,4911"
13/08/2024,"5,4875"
14/08/2024,"5,4502"
15/08/2024,"5,4651"
16/08/2024,"5,4632"
19/08/2024,"5,4237"
20/08/2024,"5,4547"
21/08/2024,"5,4707"
22/08/2024,"5,5524"
23/08/2024,"5,5263"
26/08/2024,"5,4921"
27/08/2024,"5,4969"
28/08/2024,"5,5315"
29/08/2024,"5,6358"
30/08/2024,"5,6562"
02/09/2024,"5,623"
03/09/2024,"5,6224"
04/09/2024,"5,6359"
05/09/2024,"5,6049"
06/09/2024,"5,5702"
09/09/2024,"5,6097"
10/09/2024,"5,6254"
11/09/2024,"5,6387"
12/09/2024,"5,6554"
13/09/2024,"5,5717"
16/09/2024,"5,5207"
17/09/2024,"5,501"
18/09/2024,"5,4767"
19/09/2024,"5,4189"
20/09/2024,"5,4775"
23/09/2024,"5,5446"
24/09/2024,"5,4702"
25/09/2024,"5,4736"
26/09/2024,"5,4412"
27/09/2024,"5,4431"
30/09/2024,"5,4481"
01/10/2024,"5,4521"
02/10/2024,"5,4305"
03/10/2024,"5,485"
04/10/2024,"5,4686"
07/10/2024,"5,4626"
08/10/2024,"5,5197"
09/10/2024,"5,5737"
10/10/2024,"5,5819"
11/10/2024,"5,6263"
14/10/2024,"5,6045"
15/10/2024,"5,6378"
16/10/2024,"5,6749"
17/10/2024,"5,6758"
18/10/2024,"5,6672"
21/10/2024,"5,7068"
22/10/2024,"5,6958"
23/10/2024,"5,7149"
24/10/2024,"5,7087"
25/10/2024,"5,6969"
28/10/2024,"5,6988"
29/10/2024,"5,714"
30/10/2024,"5,7801"
31/10/2024,"5,7779"
01/11/2024,"5,8073"
04/11/2024,"5,7898"
05/11/2024,"5,7846"
06/11/2024,"5,7648"
07/11/2024,"5,6624"
08/11/2024,"5,7648"
11/11/2024,"5,798"
12/11/2024,"5,7694"
13/11/2024,"5,7713"
14/11/2024,"5,7885"
18/11/2024,"5,7603"
19/11/2024,"5,7743"
21/11/2024,"5,8173"
22/11/2024,"5,8124"
25/11/2024,"5,8002"
26/11/2024,"5,799"
27/11/2024,"5,8291"
28/11/2024,"5,9871"
29/11/2024,"6,0535"
02/12/2024,"6,0634"
03/12/2024,"6,0707"
04/12/2024,"6,0581"
05/12/2024,"5,9849"
06/12/2024,"6,0293"
09/12/2024,"6,057"
10/12/2024,"6,0529"
11/12/2024,"6,032"
12/12/2024,"5,9408"
13/12/2024,"6,04"
16/12/2024,"6,0509"
17/12/2024,"6,1685"
18/12/2024,"6,1624"
19/12/2024,"6,1841"
20/12/2024,"6,078"
23/12/2024,"6,1612"
24/12/2024,"6,1541"
26/12/2024,"6,1656"
27/12/2024,"6,1991"
30/12/2024,"6,1923"
31/12/2024,"6,1923"
02/01/2025,"6,2086"
03/01/2025,"6,1563"
06/01/2025,"6,1119"
07/01/2025,"6,0741"
08/01/2025,"6,1321"
09/01/2025,"6,0896"
10/01/2025,"6,0965"
13/01/2025,"6,1079"
14/01/2025,"6,0671"
15/01/2025,"6,0377"
16/01/2025,"6,0322"
17/01/2025,"6,0609"
20/01/2025,"6,0498"
21/01/2025,"6,044"
22/01/2025,"5,9674"
23/01/2025,"5,9399"
24/01/2025,"5,8925"
27/01/2025,"5,9272"
28/01/2025,"5,893"
29/01/2025,"5,8596"
30/01/2025,"5,9006"
31/01/2025,"5,8301"
03/02/2025,"5,8687"
04/02/2025,"5,7927"
05/02/2025,"5,7997"
06/02/2025,"5,7856"
07/02/2025,"5,7557"
10/02/2025,"5,7808"
11/02/2025,"5,7788"
12/02/2025,"5,7711"
13/02/2025,"5,7788"
14/02/2025,"5,7283"
17/02/2025,"5,7105"
18/02/2025,"5,6979"
19/02/2025,"5,7087"
20/02/2025,"5,7019"
21/02/2025,"5,7027"
24/02/2025,"5,7258"
25/02/2025,"5,7779"
26/02/2025,"5,7757"
27/02/2025,"5,8228"
28/02/2025,"5,8488"
05/03/2025,"5,7914"
06/03/2025,"5,7489"
07/03/2025,"5,7688"
10/03/2025,"5,793"
11/03/2025,"5,8346"
12/03/2025,"5,8268"
13/03/2025,"5,8131"
14/03/2025,"5,7419"
17/03/2025,"5,7082"
18/03/2025,"5,6852"
19/03/2025,"5,6657"
20/03/2025,"5,6628"
21/03/2025,"5,7241"
24/03/2025,"5,7403"
25/03/2025,"5,6992"
26/03/2025,"5,7298"
27/03/2025,"5,7474"
28/03/2025,"5,766"
31/03/2025,"5,7422"
01/04/2025,"5,7051"
02/04/2025,"5,6923"
03/04/2025,"5,6067"
04/04/2025,"5,7777"
07/04/2025,"5,8877"
08/04/2025,"5,9368"
09/04/2025,"6,0605"
10/04/2025,"5,9115"
11/04/2025,"5,8737"
14/04/2025,"5,8425"
15/04/2025,"5,8707"
16/04/2025,"5,8808"
17/04/2025,"5,8559"
22/04/2025,"5,7496"
23/04/2025,"5,688"
24/04/2025,"5,6738"
25/04/2025,"5,6846"
28/04/2025,"5,6681"
29/04/2025,"5,6467"
30/04/2025,"5,6608"
02/05/2025,"5,6394"
05/05/2025,"5,652"
06/05/2025,"5,721"
07/05/2025,"5,7375"
08/05/2025,"5,686"
09/05/2025,"5,6511"
12/05/2025,"5,6822"
13/05/2025,"5,6262"
14/05/2025,"5,61"
15/05/2025,"5,6328"
16/05/2025,"5,6925"
19/05/2025,"5,6591"
20/05/2025,"5,662"
21/05/2025,"5,6571"
22/05/2025,"5,639"
23/05/2025,"5,6932"
26/05/2025,"5,6619"
27/05/2025,"5,6539"
28/05/2025,"5,6936"
29/05/2025,"5,6559"
30/05/2025,"5,7087"
02/06/2025,"5,6937"
03/06/2025,"5,6694"
04/06/2025,"5,6332"
05/06/2025,"5,5969"
06/06/2025,"5,5947"
09/06/2025,"5,576"
10/06/2025,"5,5557"
11/06/2025,"5,539"
12/06/2025,"5,5388"
13/06/2025,"5,5652"
16/06/2025,"5,5123"
17/06/2025,"5,4773"
18/06/2025,"5,4879"
20/06/2025,"5,4957"
23/06/2025,"5,5213"
24/06/2025,"5,4938"
25/06/2025,"5,5427"
26/06/2025,"5,5145"
27/06/2025,"5,4759"
30/06/2025,"5,4571"
01/07/2025,"5,4511"
02/07/2025,"5,4512"
03/07/2025,"5,4208"
04/07/2025,"5,409"
07/07/2025,"5,4552"
08/07/2025,"5,4571"
09/07/2025,"5,4626"
10/07/2025,"5,5433"
11/07/2025,"5,5722"
14/07/2025,"5,5595"
15/07/2025,"5,5576"
16/07/2025,"5,5722"
17/07/2025,"5,5737"
18/07/2025,"5,5466"
21/07/2025,"5,5625"
22/07/2025,"5,5709"
23/07/2025,"5,5537"
24/07/2025,"5,5239"
25/07/2025,"5,5426"
28/07/2025,"5,5877"
29/07/2025,"5,5764"
30/07/2025,"5,6034"
31/07/2025,"5,6021"
01/08/2025,"5,5436"
04/08/2025,"5,5113"
05/08/2025,"5,5119"
06/08/2025,"5,4802"
07/08/2025,"5,4638"
08/08/2025,"5,4254"
11/08/2025,"5,4473"
12/08/2025,"5,4052"
13/08/2025,"5,3928"
14/08/2025,"5,4095"
15/08/2025,"5,3928"
18/08/2025,"5,4155"
19/08/2025,"5,4716"
20/08/2025,"5,4726"
21/08/2025,"5,4828"
22/08/2025,"5,4392"
25/08/2025,"5,4174"
26/08/2025,"5,4218"
27/08/2025,"5,4428"
28/08/2025,"5,4115"
29/08/2025,"5,4264"
01/09/2025,"5,4378"
02/09/2025,"5,468"
03/09/2025,"5,4485"
04/09/2025,"5,4587"
05/09/2025,"5,3968"
08/09/2025,"5,4278"
09/09/2025,"5,4278"
10/09/2025,"5,4123"
11/09/2025,"5,3858"
12/09/2025,"5,3677"
15/09/2025,"5,3208"
16/09/2025,"5,3096"
17/09/2025,"5,3011"
18/09/2025,"5,301"
19/09/2025,"5,3276"
22/09/2025,"5,3457"
23/09/2025,"5,3063"
24/09/2025,"5,3112"
25/09/2025,"5,3425"
26/09/2025,"5,3445"
29/09/2025,"5,3229"
30/09/2025,"5,3186"
01/10/2025,"5,3208"
Fonte,Sisbacen PTAX800